{
    "Sharpness Alpha": 5.200000000000001,
    "Sharpness Beta": -3.8286869525909424,
    "Sharpness Gamma": 13.24428892979353,
    "Gamma Correction": 1.1398357152938843,
    "Filter Strength": 7.0,
    "Template Window": 3.0,
    "Search Window": 20.0,
    "Clip Limit": 0.003864046892959865
}