{
    "Sharpness Alpha": 5.686250713016962,
    "Sharpness Beta": -4.852024269671728,
    "Sharpness Gamma": 3.6219336432094362,
    "Gamma Correction": 1.0395041334115038,
    "Label": 2,
    "Filter Strength": 7,
    "Template Window": 3,
    "Search Window": 20,
    "Clip Limit": 0.0030707208757110712
}